location,avg_temperature,avg_humidity
BuildingA_Floor1,25.294351464435138,55.96543933054393
BuildingB_Floor1,25.181345454545458,55.627018181818194
BuildingA_Floor2,25.147554585152854,54.14104803493448
BuildingB_Floor2,25.08953307392997,55.634863813229586
