sensor_id,avg_temp,rank_temp
1080,30.3075,1
1048,30.013749999999998,2
1086,29.696363636363632,3
1047,29.432,4
1050,28.99625,5
